bundlePosition,bundleId,burnupMwdPerKg,adjustersInKw,adjustersOutKw,powerDifferenceKw,insertedDepressionPercent,directlyOverlapsAdjuster,directlyOverlapsLzcWater
1,00000000-0000-0000-0000-000000002401,6.0082915236423915,115.52542640375317,113.92962464540274,-1.595801758350433,-1.400690789000003,False,False
2,00000000-0000-0000-0000-000000002402,5.87111231918684,293.25480351997413,293.8401811520393,0.5853776320651605,0.19921633241924974,False,False
3,00000000-0000-0000-0000-000000002403,5.6122037098416975,434.8445747666205,449.84145599741686,14.996881230796362,3.333814843174987,False,True
4,00000000-0000-0000-0000-000000002404,5.24920988946713,544.7405577839863,594.3938858687801,49.65332808479377,8.35360680270446,False,True
5,00000000-0000-0000-0000-000000002405,2.3574380204679795,632.7728143690445,753.4474408879822,120.67462651893777,16.016329735849343,True,False
6,00000000-0000-0000-0000-000000002406,2.431656810315488,685.7886078459851,816.7518981900267,130.96329034404164,16.034647808503966,True,False
7,00000000-0000-0000-0000-000000002407,2.431656810315488,683.9599746629018,814.8428475770294,130.88287291412757,16.06234543302595,True,False
8,00000000-0000-0000-0000-000000002408,2.357438020467979,627.2776277915187,747.7385358530989,120.4609080615802,16.1100307508086,True,False
9,00000000-0000-0000-0000-000000002409,2.21405832864872,560.717423031528,612.9493947561775,52.2319717246495,8.521416640834866,False,True
10,00000000-0000-0000-0000-000000002410,2.0112888239090494,448.9740106488995,465.32177472282956,16.34776407393008,3.5132170815921238,False,True
11,00000000-0000-0000-0000-000000002411,1.7629479129045258,304.0031648301238,305.15067383649205,1.1475090063682387,0.37604668930966145,False,False
12,00000000-0000-0000-0000-000000002412,1.4859596183173462,120.0931865767962,118.6374283197899,-1.4557582570062948,-1.2270649133444334,False,False
