bundlePosition,bundleId,burnupMwdPerKg,fuelBackgroundFastPerM,fuelBackgroundThermalPerM,xenonFastPerM,xenonThermalPerM,includedReferenceXenonThermalPerM,adjusterFastPerM,adjusterThermalPerM,lzcFastPerM,lzcThermalPerM,totalFastPerM,totalThermalPerM,absorberZone,zoneFill,componentSumErrorPerM
1,00000000-0000-0000-0000-000000002401,6.0082915236423915,0.3,0.15826093436208885,0,0.00035152389383491344,0.0017390656379111522,0,0,0,0,0.3,0.15861245825592377,4,0.49984561255994897,1.7889335846010823e-18
2,00000000-0000-0000-0000-000000002402,5.87111231918684,0.3,0.1582603037000146,0,0.0008504587377472109,0.0017396962999854139,0,0,0,0,0.3,0.1591107624377618,4,0.49984561255994897,1.5829351718288365e-17
3,00000000-0000-0000-0000-000000002403,5.6122037098416975,0.3,0.15825911340414386,0,0.0012166704379674158,0.0017408865958561466,0,0,0.0014817876732377683,0.014817876732377682,0.30148178767323774,0.17429366057448895,4,0.49984561255994897,1.5612511283791264e-17
4,00000000-0000-0000-0000-000000002404,5.24920988946713,0.3,0.1582574445911732,0,0.001484434466064592,0.0017425554088268166,0,0,0.0014817876732377683,0.014817876732377682,0.30148178767323774,0.17455975578961547,4,0.49984561255994897,1.2793585635328952e-17
5,00000000-0000-0000-0000-000000002405,2.3574380204679795,0.3,0.15824569522650914,0,0.0016998108561880638,0.001754304773490854,0.001731385909109749,0.017313859091097488,0,0,0.30173138590910975,0.1772593651737947,4,0.49984561255994897,1.3877787807814457e-17
6,00000000-0000-0000-0000-000000002406,2.431656810315488,0.3,0.15824592880687827,0,0.0018192521825456068,0.0017540711931217303,0.0008656929545548749,0.008656929545548748,0,0,0.30086569295455484,0.16872211053497263,4,0.49984561255994897,2.179246366695864e-17
7,00000000-0000-0000-0000-000000002407,2.431656810315488,0.3,0.15824592880687827,0,0.00181515502553084,0.0017540711931217303,0.0008656929545548749,0.008656929545548748,0,0,0.30086569295455484,0.16871801337795786,11,0.49984561255994897,2.179246366695864e-17
8,00000000-0000-0000-0000-000000002408,2.357438020467979,0.3,0.15824569522650914,0,0.0016871732700949494,0.001754304773490854,0.001731385909109748,0.017313859091097478,0,0,0.30173138590910975,0.17724672758770157,11,0.49984561255994897,1.3660947373317356e-17
9,00000000-0000-0000-0000-000000002409,2.21405832864872,0.3,0.1582452458152687,0,0.0015311894839090301,0.0017547541847313163,0,0,0.0014817876732377698,0.014817876732377697,0.30148178767323774,0.17459431203155543,11,0.49984561255994897,1.431146867680866e-17
10,00000000-0000-0000-0000-000000002410,2.0112888239090494,0.3,0.15824462317820945,0,0.0012591198059500783,0.0017553768217905487,0,0,0.0014817876732377698,0.014817876732377697,0.30148178767323774,0.17432161971653723,11,0.49984561255994897,1.431146867680866e-17
11,00000000-0000-0000-0000-000000002411,1.7629479129045258,0.3,0.15824386060666443,0,0.0008832992191249869,0.0017561393933355819,0,0,0,0,0.3,0.1591271598257894,11,0.49984561255994897,1.463672932855431e-17
12,00000000-0000-0000-0000-000000002412,1.4859596183173462,0.3,0.15824319051002328,0,0.0003657305860826065,0.0017568094899767237,0,0,0,0,0.3,0.1586089210961059,11,0.49984561255994897,1.1926223897340549e-18
