variant,adjusters,bundlePosition,powerKw,powerPercentOfPeak
current,in,1,435.13720563635457,91.88702430879695
current,in,2,466.47024158336296,98.50355674600996
current,in,3,469.45884483743004,99.13465391788753
current,in,4,461.33634794341674,97.4194430375473
current,in,5,447.8950521635926,94.58107239016442
current,in,6,452.9904122610773,95.65704905011228
current,in,7,449.94275074241693,95.01348066657083
current,in,8,438.6114347875649,92.62067009761141
current,in,9,466.0408318731968,98.41287918508118
current,in,10,473.5567496168183,100.00000000000001
current,in,11,471.02355898010853,99.46507136921613
current,in,12,440.07709603040195,92.93017075281756
current,out,1,401.4850879213904,65.97162958539818
current,out,2,443.880595707212,72.93801717954643
current,out,3,475.36301936934683,78.11117766488826
current,out,4,516.6277264218713,84.89175320933323
current,out,5,588.6049162470088,96.71897331936529
current,out,6,608.5723369947693,100.0
current,out,7,605.6929936512748,99.52686917093321
current,out,8,579.9355367764413,95.29442952340862
current,out,9,526.5315643134062,86.51914198294092
current,out,10,483.9939603069954,79.52940527941797
current,out,11,452.32061449712796,74.32487265700604
current,out,12,409.6707635879628,67.31669165427148
zero-incoming-current,in,1,114.872409882551,18.190662620840328
zero-incoming-current,in,2,290.54853325142136,46.009919603501245
zero-incoming-current,in,3,426.92658869864374,67.60611661950475
zero-incoming-current,in,4,523.388264028357,82.88134061417769
zero-incoming-current,in,5,582.5536430955237,92.25049592784578
zero-incoming-current,in,6,631.4910692200194,100.0
zero-incoming-current,in,7,629.8160690270132,99.73475472977393
zero-incoming-current,in,8,577.483226004206,91.44756816869624
zero-incoming-current,in,9,538.7551616715167,85.31477132953842
zero-incoming-current,in,10,440.9461839880758,69.8261947762312
zero-incoming-current,in,11,301.3750198948298,47.724351868834894
zero-incoming-current,in,12,119.50282444606717,18.923913618235332
zero-incoming-current,out,1,112.67095335700219,13.729590557419586
zero-incoming-current,out,2,291.67112243060245,35.541769809177715
zero-incoming-current,out,3,449.06397575180705,54.72097588119096
zero-incoming-current,out,4,595.6039139048509,72.57769308474558
zero-incoming-current,out,5,756.0313596331707,92.12668134122593
zero-incoming-current,out,6,820.6432150018768,100.0
zero-incoming-current,out,7,818.8548207208739,99.78207407941602
zero-incoming-current,out,8,750.6569704142244,91.47178173068885
zero-incoming-current,out,9,614.6905370998899,74.90350567249668
zero-incoming-current,out,10,465.0197424700135,56.665275965140346
zero-incoming-current,out,11,303.2869054694333,36.95721842637055
zero-incoming-current,out,12,117.49164771889197,14.317019329602726
extrapolation-0.25m,in,1,170.54047370223188,28.52488075173036
extrapolation-0.25m,in,2,322.33012873302056,53.913468663474106
extrapolation-0.25m,in,3,435.1595809895459,72.78550883688145
extrapolation-0.25m,in,4,512.2056498748879,85.67236132200634
extrapolation-0.25m,in,5,557.4250508304581,93.23583286586098
extrapolation-0.25m,in,6,597.8656850016337,100.0
extrapolation-0.25m,in,7,596.0440326063705,99.69530741754174
extrapolation-0.25m,in,8,551.9069255314367,92.31286213222434
extrapolation-0.25m,in,9,526.2367617314487,88.01922822013289
extrapolation-0.25m,in,10,448.3234506540488,74.98731937639535
extrapolation-0.25m,in,11,333.3347730759123,55.754123616410844
extrapolation-0.25m,in,12,176.8591993346109,29.581761216840473
extrapolation-0.25m,out,1,164.45902134457742,21.059994367773246
extrapolation-0.25m,out,2,319.64984697678335,40.93313897865172
extrapolation-0.25m,out,3,454.3098565822116,58.17718567593019
extrapolation-0.25m,out,4,581.2172769976783,74.42846540097814
extrapolation-0.25m,out,5,724.8528688580548,92.82189089299385
extrapolation-0.25m,out,6,780.9072427684904,100.0
extrapolation-0.25m,out,7,778.998598033611,99.75558624246935
extrapolation-0.25m,out,8,719.1164520249563,92.08730725502404
extrapolation-0.25m,out,9,599.0337068953166,76.70996939042446
extrapolation-0.25m,out,10,469.561875739196,60.13030101686526
extrapolation-0.25m,out,11,331.5829888136196,42.46125156146381
extrapolation-0.25m,out,12,171.0585284703541,21.90510205333907
extrapolation-0.50m,in,1,225.22931978763432,39.806581795752955
extrapolation-0.50m,in,2,353.3892857007641,62.457319145899675
extrapolation-0.50m,in,3,443.1234549576489,78.31675765846157
extrapolation-0.50m,in,4,501.4588552373018,88.62684022235467
extrapolation-0.50m,in,5,533.4140563674566,94.27453888248748
extrapolation-0.50m,in,6,565.8092446703488,100.0
extrapolation-0.50m,in,7,563.8088403209126,99.64645251588252
extrapolation-0.50m,in,8,527.3499071062803,93.20277320910944
extrapolation-0.50m,in,9,513.9927794765009,90.84206105115213
extrapolation-0.50m,in,10,455.1471275926484,80.44179763408174
extrapolation-0.50m,in,11,364.1469094394302,64.35860015889085
extrapolation-0.50m,in,12,232.6532482499559,41.11867213931863
extrapolation-0.50m,out,1,214.14973675903101,28.814877940913384
extrapolation-0.50m,out,2,346.5073555615542,46.62423268523488
extrapolation-0.50m,out,3,459.27750339967474,61.79799892241036
extrapolation-0.50m,out,4,567.4692162916893,76.35571469821681
extrapolation-0.50m,out,5,695.2098169223214,93.54382742241047
extrapolation-0.50m,out,6,743.1915456944074,100.0
extrapolation-0.50m,out,7,741.1388600912189,99.72380127100739
extrapolation-0.50m,out,8,689.0397446274945,92.71361449405137
extrapolation-0.50m,out,9,583.9259420312949,78.57004636478995
extrapolation-0.50m,out,10,473.639207754651,63.7304353768048
extrapolation-0.50m,out,11,358.44447020893637,48.230428923141304
extrapolation-0.50m,out,12,222.03801362575317,29.876283565401707
