channel_index,reference_thermal_power_w
0,5197586.760124016
1,5305538.512965149
2,5354376.1123347245
3,5354376.112334724
4,5305538.512965148
5,5197586.760124015
6,5068932.800237024
7,5218146.694806763
8,5333417.917957595
9,5419488.886306327
10,5493581.768941772
11,5531718.557585991
12,5531718.557585991
13,5493581.768941772
14,5419488.886306327
15,5333417.917957594
16,5218146.694806763
17,5068932.800237025
18,5066650.374517228
19,5239913.787971069
20,5380682.691543489
21,5488489.435270096
22,5571501.134018691
23,5630538.630128146
24,5661787.647609968
25,5661787.647609968
26,5630538.630128146
27,5571501.134018691
28,5488489.435270097
29,5380682.69154349
30,5239913.78797107
31,5066650.374517228
32,5029974.551176056
33,5212971.011795413
34,5365948.077656017
35,5488075.477801343
36,5585910.025218452
37,5658547.144592718
38,5709267.672066574
39,5734850.0783972815
40,5734850.078397282
41,5709267.672066572
42,5658547.144592718
43,5585910.025218453
44,5488075.477801343
45,5365948.077656017
46,5212971.011795411
47,5029974.551176056
48,4977606.7856370425
49,5164027.916401595
50,5311535.205932298
51,5433501.899740468
52,5536431.379728389
53,5617832.357265396
54,5680495.043352351
55,5722404.796692086
56,5743993.963502179
57,5743993.963502178
58,5722404.796692085
59,5680495.043352349
60,5617832.357265397
61,5536431.379728389
62,5433501.899740469
63,5311535.205932297
64,5164027.916401596
65,4977606.7856370425
66,5105453.87588171
67,5258567.253561852
68,5344116.692172369
69,5433126.110359643
70,5511408.508671737
71,5577448.441824598
72,5627588.021618493
73,5662251.56223543
74,5679587.169252942
75,5679587.169252943
76,5662251.562235428
77,5627588.021618491
78,5577448.441824599
79,5511408.508671737
80,5433126.110359643
81,5344116.69217237
82,5258567.253561851
83,5105453.87588171
84,5005192.381048182
85,5203724.704968978
86,5330853.923203259
87,5383655.851911315
88,5444151.68626211
89,5502993.11055377
90,5553179.724029858
91,5593358.026525517
92,5620680.176209097
93,5634812.006750818
94,5634812.006750817
95,5620680.176209097
96,5593358.026525517
97,5553179.724029857
98,5502993.11055377
99,5444151.68626211
100,5383655.851911315
101,5330853.92320326
102,5203724.704968978
103,5005192.381048183
104,5125684.964009953
105,5289006.985684534
106,5390496.940138902
107,5416256.656975662
108,5455879.778319445
109,5497032.729588674
110,5535185.94237718
111,5565848.077780067
112,5587673.345618613
113,5598768.869156946
114,5598768.869156946
115,5587673.345618613
116,5565848.077780067
117,5535185.942377179
118,5497032.729588674
119,5455879.778319445
120,5416256.656975662
121,5390496.9401389025
122,5289006.985684534
123,5125684.964009952
124,4989524.307478544
125,5204942.335979655
126,5353443.644131309
127,5434194.756400481
128,5437305.8795828065
129,5459173.603217647
130,5487723.1179230455
131,5515556.76694487
132,5539505.673678305
133,5556536.260447616
134,5565512.504234032
135,5565512.50423403
136,5556536.260447616
137,5539505.673678305
138,5515556.76694487
139,5487723.1179230455
140,5459173.603217647
141,5437305.8795828065
142,5434194.756400481
143,5353443.644131308
144,5204942.335979655
145,4989524.307478545
146,5091098.755074249
147,5270850.967439427
148,5399563.928498156
149,5465345.488282991
150,5453829.129495879
151,5464665.378659398
152,5483964.794807213
153,5505345.773148334
154,5524239.154233343
155,5538299.563235273
156,5545667.289482577
157,5545667.289482576
158,5538299.563235272
159,5524239.154233343
160,5505345.773148334
161,5483964.794807212
162,5464665.378659398
163,5453829.129495878
164,5465345.488282991
165,5399563.928498156
166,5270850.967439427
167,5091098.755074248
168,5136125.637061053
169,5304451.655432088
170,5423820.1856936095
171,5481337.738474593
172,5463039.894130382
173,5467992.435330759
174,5482968.761273854
175,5500797.95046939
176,5517346.341457182
177,5529747.347002094
178,5536374.365335136
179,5536374.365335136
180,5529747.347002095
181,5517346.341457181
182,5500797.95046939
183,5482968.761273854
184,5467992.435330758
185,5463039.894130383
186,5481337.738474592
187,5423820.1856936095
188,5304451.655432088
189,5136125.637061054
190,5136125.637061054
191,5304451.655432088
192,5423820.1856936095
193,5481337.738474592
194,5463039.894130383
195,5467992.435330759
196,5482968.761273854
197,5500797.95046939
198,5517346.341457181
199,5529747.347002095
200,5536374.365335136
201,5536374.365335136
202,5529747.347002094
203,5517346.341457182
204,5500797.95046939
205,5482968.761273854
206,5467992.435330759
207,5463039.894130382
208,5481337.7384745935
209,5423820.1856936095
210,5304451.655432088
211,5136125.637061053
212,5091098.755074248
213,5270850.967439427
214,5399563.928498156
215,5465345.488282991
216,5453829.129495878
217,5464665.378659398
218,5483964.794807212
219,5505345.773148334
220,5524239.154233343
221,5538299.563235272
222,5545667.289482576
223,5545667.289482577
224,5538299.563235273
225,5524239.154233343
226,5505345.773148334
227,5483964.794807213
228,5464665.378659398
229,5453829.129495879
230,5465345.488282991
231,5399563.928498156
232,5270850.967439427
233,5091098.755074249
234,4989524.307478545
235,5204942.335979655
236,5353443.644131308
237,5434194.756400481
238,5437305.8795828065
239,5459173.603217647
240,5487723.1179230455
241,5515556.76694487
242,5539505.673678305
243,5556536.260447616
244,5565512.50423403
245,5565512.504234032
246,5556536.260447616
247,5539505.673678305
248,5515556.76694487
249,5487723.1179230455
250,5459173.603217647
251,5437305.8795828065
252,5434194.756400481
253,5353443.644131309
254,5204942.335979655
255,4989524.307478544
256,5125684.964009952
257,5289006.985684534
258,5390496.9401389025
259,5416256.656975662
260,5455879.778319445
261,5497032.729588674
262,5535185.942377179
263,5565848.077780067
264,5587673.345618613
265,5598768.869156946
266,5598768.869156946
267,5587673.345618613
268,5565848.077780067
269,5535185.94237718
270,5497032.729588674
271,5455879.778319445
272,5416256.656975662
273,5390496.940138902
274,5289006.985684534
275,5125684.964009953
276,5005192.381048183
277,5203724.704968978
278,5330853.92320326
279,5383655.851911315
280,5444151.68626211
281,5502993.11055377
282,5553179.724029857
283,5593358.026525517
284,5620680.176209097
285,5634812.006750817
286,5634812.006750818
287,5620680.176209097
288,5593358.026525517
289,5553179.724029858
290,5502993.11055377
291,5444151.68626211
292,5383655.851911315
293,5330853.923203259
294,5203724.704968978
295,5005192.381048182
296,5105453.87588171
297,5258567.253561851
298,5344116.69217237
299,5433126.110359643
300,5511408.508671737
301,5577448.441824599
302,5627588.021618493
303,5662251.562235428
304,5679587.169252943
305,5679587.169252942
306,5662251.56223543
307,5627588.021618493
308,5577448.441824598
309,5511408.508671737
310,5433126.110359643
311,5344116.692172369
312,5258567.253561852
313,5105453.87588171
314,4977606.7856370425
315,5164027.916401596
316,5311535.205932297
317,5433501.899740469
318,5536431.379728389
319,5617832.357265397
320,5680495.043352349
321,5722404.796692085
322,5743993.963502179
323,5743993.963502179
324,5722404.796692086
325,5680495.043352351
326,5617832.357265396
327,5536431.379728389
328,5433501.899740468
329,5311535.205932298
330,5164027.916401595
331,4977606.7856370425
332,5029974.551176056
333,5212971.011795412
334,5365948.077656017
335,5488075.477801343
336,5585910.025218453
337,5658547.144592718
338,5709267.672066572
339,5734850.078397282
340,5734850.0783972815
341,5709267.672066574
342,5658547.144592718
343,5585910.025218452
344,5488075.4778013425
345,5365948.077656018
346,5212971.011795413
347,5029974.551176056
348,5066650.374517228
349,5239913.78797107
350,5380682.69154349
351,5488489.435270097
352,5571501.134018691
353,5630538.630128146
354,5661787.647609968
355,5661787.647609967
356,5630538.630128146
357,5571501.134018691
358,5488489.435270096
359,5380682.691543488
360,5239913.787971069
361,5066650.374517228
362,5068932.800237025
363,5218146.694806763
364,5333417.917957594
365,5419488.886306327
366,5493581.768941773
367,5531718.557585991
368,5531718.557585991
369,5493581.768941772
370,5419488.886306327
371,5333417.917957594
372,5218146.694806763
373,5068932.800237024
374,5197586.760124016
375,5305538.512965149
376,5354376.112334724
377,5354376.1123347245
378,5305538.512965149
379,5197586.760124017
